{"indexes":[{"v":{"$numberInt":"2"},"key":{"_id":{"$numberInt":"1"}},"name":"_id_"},{"v":{"$numberInt":"2"},"key":{"saral_id":{"$numberInt":"1"}},"name":"saral_id_1","background":true,"unique":true},{"v":{"$numberInt":"2"},"key":{"employee_id":{"$numberInt":"1"}},"name":"employee_id_1","background":true,"unique":true},{"v":{"$numberInt":"2"},"key":{"aadharno":{"$numberInt":"1"}},"name":"aadharno_1","background":true,"unique":true}],"uuid":"8400f9646ae04308b065fc0f98972048","collectionName":"staffs","type":"collection"}